5.741656300714458316e-01,4.193372481386145045e-01,5.764452774962093295e-01,5.004781055520377553e-01,4.977271391953631552e-01,7.062070787497092272e-01,8.330606557729189898e-01,9.353626471874905146e-01,5.404936607631128931e-01,4.882687336636905018e-01,9.611083454728964748e-01,5.414746356206161515e-01,8.532062480943416460e-01,8.501818077744258684e-01,1.202829497030676986e+00,5.837065739529764263e-01,7.754871945181120996e-01,7.895937553904857076e-01,1.285389680959686975e+00,7.719285499476892243e-01,1.394499523294319809e+00,1.122026550392798194e+00,4.271496727472924304e-01,7.940654146753656217e-01,7.750998628127524492e-01,1.135135111772777261e+00,6.521634820337010030e-01,8.637923780933011164e-01,5.888169078496952036e-01,9.612966962944561322e-01,1.181426785588708395e+00,1.086346803749342893e+00,1.127734276568832072e+00,1.276641782171404671e+00,1.050762611674751046e+00,9.808308697306602486e-01,6.008292763819446103e-01,1.268551743338891757e+00,1.770013070443497538e+00,1.035962793101961044e+00,8.725012925556911991e-01,1.298094266148064335e+00,1.078184773759991000e+00,1.351561136867370339e+00,8.240431828697800665e-01,7.151414847340725744e-01,7.469478470925049463e-01,1.038876462157938496e+00,6.595312631311155416e-01,1.063108271312507735e+00
3.368059807082172119e-01,3.881894860624240939e-01,3.837357927494334242e-01,4.453929943557407012e-01,9.505062950218068352e-01,1.051792071886946900e+00,6.508742999530336970e-01,4.169904619997629736e-01,8.245614215361317667e-01,5.345175479826431708e-01,6.952296507288251437e-01,4.575981226534341362e-01,3.592531548175067480e-01,6.844396144053954689e-01,5.736950366844321136e-01,8.739400520504648773e-01,1.050987431077650358e+00,7.218665687130580988e-01,9.664636181807317872e-01,6.784136566205526409e-01,9.689969233742925514e-01,6.374398640078580147e-01,3.857597431744321237e-01,9.178648534592037667e-01,1.189506976421333295e+00,1.011489902950742259e+00,9.021744637876801809e-01,1.180286591879982971e+00,8.296883166595048209e-01,5.319980322664241701e-01,6.111334806819499477e-01,1.548296911706801948e+00,8.699746372814054496e-01,4.669714616077405012e-01,1.111253710703997477e+00,1.039362415961866848e+00,1.210094408213205019e+00,1.111536697199036583e+00,7.639442219375879306e-01,1.004484039351913438e+00,8.550400214371359775e-01,8.970021729076023131e-01,9.239648378324691880e-01,7.175052013491997061e-01,6.055634161598171250e-01,1.007722276354696467e+00,1.438284343824064004e+00,1.405577055210191606e+00,1.360958432171957222e+00,7.272125854842405035e-01
4.062337682786257842e-01,5.624612176101708716e-01,2.987860580762757290e-01,3.126432126411810009e-01,1.222050906398639558e+00,7.370130418331182209e-01,7.170452492428556202e-01,4.208912765015152546e-01,6.442414841592812857e-01,7.349894367167155718e-01,9.608650641588181163e-01,1.366415052877821168e+00,7.460648189328600299e-01,1.016875456292877011e+00,8.019753719426774285e-01,9.966940031213805673e-01,4.461565624674984076e-01,1.074975504098726331e+00,6.250273734303900541e-01,1.077561692504847235e+00,9.231189633219110124e-01,9.055742586895245694e-01,5.538469631414145722e-01,5.165579844262396803e-01,8.224630153965198920e-01,8.720485356935681054e-01,8.620717451844125412e-01,5.345884674895869937e-01,9.834993049297038326e-01,6.369216612064871885e-01,1.218093405782827210e+00,7.467601427740283571e-01,1.724993215084889897e+00,1.120807372608922714e+00,5.653025979467354301e-01,9.229734685192001464e-01,9.274601322561124572e-01,4.222971963415309560e-01,1.048207878467898535e+00,1.450116562175208124e+00,1.097151186274015089e+00,1.390868520177794831e+00,8.659118100916961547e-01,6.711212194687197208e-01,9.762539330697226347e-01,7.628062820675438616e-01,6.478075046589866215e-01,4.339237242720819232e-01,7.270633330243717607e-01,1.039675738711006714e+00
3.901612276898153153e-01,5.827982002200436940e-01,3.960114110646566488e-01,3.764756856800323681e-01,6.089949479687993827e-01,7.130251687795448046e-01,2.764028751670565831e-01,5.592188412353072957e-01,6.177580811046559095e-01,1.013156746808809849e+00,6.344605658728857955e-01,8.629611089452687844e-01,8.806555285063668581e-01,9.040448649779551094e-01,7.917423281542033120e-01,4.559376570032859233e-01,9.622507559608604044e-01,1.087650370196515226e+00,7.484732778597205094e-01,9.668275924764513363e-01,6.853663755236922839e-01,6.319011555285152237e-01,8.101716549461658312e-01,9.002856471929723270e-01,5.575595797303801726e-01,7.830091154899583294e-01,1.255196136561835374e+00,1.099571085041019192e+00,7.631092937550340016e-01,9.327432830304381861e-01,1.052678746869586623e+00,7.019355836843577112e-01,7.438450283006317054e-01,6.448507581974756153e-01,8.771810159724260370e-01,4.406982551608311094e-01,8.591534417798500911e-01,1.166992365831899026e+00,1.167141896072155349e+00,1.097996113995755696e+00,9.433538343483421906e-01,4.808592129246287428e-01,7.147491361448718994e-01,8.911033298717880857e-01,8.832678780253910844e-01,1.434817672040019643e+00,1.471079557029870699e+00,1.177021442640578064e+00,7.921081254677340144e-01,1.116410252401441872e+00
1.285806455762622091e+00,9.818031318792408424e-01,5.796336361695816342e-01,7.773708801736883833e-01,6.515131564730566316e-01,5.511244158710398855e-01,7.118690159010243601e-01,6.204998176464415760e-01,4.989274947662377668e-01,9.173232637673949252e-01,9.659134881070123857e-01,6.966732012821410525e-01,4.790186725593114092e-01,9.414924215827978893e-01,1.088039857723132275e+00,8.117571329610535624e-01,1.133437135692114683e+00,7.307459121975928840e-01,8.494758341153463288e-01,9.656400123903965405e-01,9.728578789887339928e-01,6.793653310869245399e-01,1.517143358602236036e+00,8.775823697972423565e-01,8.722228570276986392e-01,6.509370679369865798e-01,1.327152021863967635e+00,1.101678430729995384e+00,8.085651880541859793e-01,5.944040122599977272e-01,6.519110370780101249e-01,8.366138212806598640e-01,1.097440740260445802e+00,7.816229928523898973e-01,8.209773260231962855e-01,1.340026884818275477e+00,1.026040034977905080e+00,8.707006490335617022e-01,6.417103755425569434e-01,7.008516732724137110e-01,9.426488965832356959e-01,1.332608980231402951e+00,1.185896645193845078e+00,1.133959941276335925e+00,1.289503629040055221e+00,6.753428472715212738e-01,7.138290552409372047e-01,9.029508503490454308e-01,1.202602278610280129e+00,1.009103977471586644e+00
5.300155770374360698e-01,5.929295044267764991e-01,5.800929580546957398e-01,3.407339363433394830e-01,6.236819960170465471e-01,1.006898227132684287e+00,6.724525705250821161e-01,6.666378264990298064e-01,3.183739386927515458e-01,6.725415607962019759e-01,7.504722956456577609e-01,8.539761522563307228e-01,6.567266555435302688e-01,8.971902867692594929e-01,1.157204394474122378e+00,9.237119620859189917e-01,8.490120392254777437e-01,8.444780659657509236e-01,7.584854561437421872e-01,1.176289351463141841e+00,6.478024859176740868e-01,1.265953588132177732e+00,8.079242046124346377e-01,4.906816998979433575e-01,1.390757528725843128e+00,9.806663761095638643e-01,6.477106057327171040e-01,1.140367151743203689e+00,7.268382591302235962e-01,1.291551108018567984e+00,9.478579808951085317e-01,9.476945815813104801e-01,1.237437006470176737e+00,5.904157337226455526e-01,4.749081193997464756e-01,4.291632342150575319e-01,7.102654497828562175e-01,6.217819627812577465e-01,1.231055475103008279e+00,1.373937568336568216e+00,5.877324493365494451e-01,9.604347855587676008e-01,6.680630585812187272e-01,1.094223963275372746e+00,1.315855091316102676e+00,6.384048762671435950e-01,7.502806224407003732e-01,1.188744225443657099e+00,1.430365617600021455e+00,9.704627745908190883e-01
7.706290380255998995e-01,5.875831565886140417e-01,1.139873993167532351e+00,4.840186990276206247e-01,9.720789082700378447e-01,7.630656449396545637e-01,1.135200479392225681e+00,4.008073219845509350e-01,5.770255146990428408e-01,7.006557081830206979e-01,8.244796548205327591e-01,5.252228131803788891e-01,9.624258435728287875e-01,7.863548246142630926e-01,5.681063486988587874e-01,1.004295910914184464e+00,6.111799158651621822e-01,6.501828428220118861e-01,7.083256309488914493e-01,9.903712014004583120e-01,1.253901724183800415e+00,9.424531446448867200e-01,7.063588662199363766e-01,9.591685930764167756e-01,6.000263220726839153e-01,1.117030683762100240e+00,7.184585481460017409e-01,6.813403399824842221e-01,1.181520758607133237e+00,9.070129316312588452e-01,1.201565998092936294e+00,8.880194203367638428e-01,1.304715192898647569e+00,9.595266326924747347e-01,6.494064579017211347e-01,1.148516356656672066e+00,1.147596864113857418e+00,9.124158605532576294e-01,7.030470552657063221e-01,7.053141480020569398e-01,9.168439025777672668e-01,1.396280018932890110e+00,1.448629608613288600e+00,6.773632621331511228e-01,9.817375929835462367e-01,6.242687015656540606e-01,1.067956491571931510e+00,1.104657743935365755e+00,9.410633883300481006e-01,1.676836905008516565e+00
6.617036272459106971e-01,9.972597833142391455e-01,8.679954943353884733e-01,6.355310571403068876e-01,6.541156738475218946e-01,5.181722106084019064e-01,8.295540364185527427e-01,5.360069889585747926e-01,5.193780968635175466e-01,8.719571373925474322e-01,7.616552901918467455e-01,7.827064182418120852e-01,8.078924616438121209e-01,9.749570574133089584e-01,8.965141326440628777e-01,7.170334015694144192e-01,4.591270421419166858e-01,7.360028512330468731e-01,7.270870193964225070e-01,5.641315015162258195e-01,6.595729309026736598e-01,6.892189068027421150e-01,8.688300901137191445e-01,1.356831099660183781e+00,7.692559282120059461e-01,9.093736190254965157e-01,7.956544139933273696e-01,1.001287891494058835e+00,7.990925514174578304e-01,7.726382739114137088e-01,9.769535444423480541e-01,1.162451633945118523e+00,8.474131869279840634e-01,1.429170542570376456e+00,1.187363071007345283e+00,1.189559317256228432e+00,8.055967265510540765e-01,1.120064497413561622e+00,7.728884605280648135e-01,6.899791840898316098e-01,1.498902414609310174e+00,9.593488200897798412e-01,9.632952344759223573e-01,8.954272630499708896e-01,8.346648660832240996e-01,1.369987936179105414e+00,6.464643121870754516e-01,5.414505181271691558e-01,7.588544487006800843e-01,1.172026178485556347e+00
7.524461323441744565e-01,6.076890355521088471e-01,6.911717731578296275e-01,5.908702054281831373e-01,6.056405063824157331e-01,5.874887011863401121e-01,3.710830168902409243e-01,5.845662538424999388e-01,8.677450959349861659e-01,9.107804633461948907e-01,5.244395770484044927e-01,7.915385961657508407e-01,6.939036427011875396e-01,4.633562805161301479e-01,6.011854105569157669e-01,1.156558695877929477e+00,1.008659344197661012e+00,6.560260057241198428e-01,8.742422211153199063e-01,1.193257361844907605e+00,7.116599375350055601e-01,1.003623980498730806e+00,1.171126583411969069e+00,8.843629148867000467e-01,7.352922449788507064e-01,7.138154284837583408e-01,9.117354095410410419e-01,9.474980722390092813e-01,5.535665168011210113e-01,6.868997037496171743e-01,1.218842534785292475e+00,8.569306960483673574e-01,8.258944909708014759e-01,1.000784615615008200e+00,1.046630475089790346e+00,1.098648648922148308e+00,1.023392788105244033e+00,6.885645591074645022e-01,9.306069673118455565e-01,1.607633519641700648e+00,1.136397750367406534e+00,1.509516699928636463e+00,1.153416818233057084e+00,8.172842199180838652e-01,9.538649564834047467e-01,1.146413405598276203e+00,1.150927743406779058e+00,7.679018200782746773e-01,7.710568677785091252e-01,9.878125382324534076e-01
4.944405950905699787e-01,4.581084845985800014e-01,6.407062988847569418e-01,5.170217652175567169e-01,1.082686024619243570e+00,1.697788310804281497e+00,6.877882309572338482e-01,1.124220073696317268e+00,9.694755853065307738e-01,8.965786756597153850e-01,6.316981049602047316e-01,7.300400947206826530e-01,9.582501560076271963e-01,1.066946185461564722e+00,7.378598692269117132e-01,6.819376836299636535e-01,9.052282157101572135e-01,8.035285628631220201e-01,1.268906126519415478e+00,8.209682945754019912e-01,7.222032120474193295e-01,6.612332939876213178e-01,9.759846452077688417e-01,8.578454628283335159e-01,9.719670978829755281e-01,7.815737168100221899e-01,6.893272206233354016e-01,1.286160487824374421e+00,1.000003008351644684e+00,1.036678965422484167e+00,1.066591554340773795e+00,1.089280993061208402e+00,1.254627621262487391e+00,7.040895770327862957e-01,9.481031767878749239e-01,1.057423472716818136e+00,1.143489199529585054e+00,8.025540482919083507e-01,7.191837717528196672e-01,8.958595491168301894e-01,1.450299143102019128e+00,1.043889243460127902e+00,1.149220832124113523e+00,1.147166604741382878e+00,1.207157941151437042e+00,1.026428767115104446e+00,9.913737505561490693e-01,7.828581034741854960e-01,7.660536468988348169e-01,1.057126102109926524e+00
5.968229722495681511e-01,6.603207154012146196e-01,1.028414362848681485e+00,8.412496408778906698e-01,7.234567786993058025e-01,9.105100895984042930e-01,1.215342855460759264e+00,1.689264220007611117e+00,7.340301460047544690e-01,4.760808054462420946e-01,7.063698203660770947e-01,6.670296286069652414e-01,1.553539516068616289e+00,7.941893102474447685e-01,4.693915153026850251e-01,7.533730296724974185e-01,1.139869969012188511e+00,7.119812314798320552e-01,1.077593337264011630e+00,9.791244540004679919e-01,8.174596116380457023e-01,8.332670081960540376e-01,6.771250997070512589e-01,9.984860382514592070e-01,1.155182743034610882e+00,6.019794310338942855e-01,1.070445407727384168e+00,1.302899205136744065e+00,9.689856583353375630e-01,6.991882977830282675e-01,6.305086233840028198e-01,7.281106041000497964e-01,1.009299777304437207e+00,8.894256180032454884e-01,9.365877490253591287e-01,7.019107655349512420e-01,1.331874824083162157e+00,9.272874894310927374e-01,6.897076162831009549e-01,7.321929068245036643e-01,9.678412030311074332e-01,1.196239999880070126e+00,9.961334277304176865e-01,1.015696734972313831e+00,8.336440849916637585e-01,1.404596617824828808e+00,1.106663519929607320e+00,1.251546458949343021e+00,8.484561811280497690e-01,8.415278070652340014e-01
7.382341356995937298e-01,8.653810895801647973e-01,6.343355628117292033e-01,6.221036329592203318e-01,1.396398524734445257e+00,3.672903630104196182e-01,9.683260391966509451e-01,5.074277062267490424e-01,4.853929549308134139e-01,7.270077159892404106e-01,1.011877391405018312e+00,1.112679858741103534e+00,2.752040802034532163e-01,8.717601818988851559e-01,6.227661998114404351e-01,8.123086028825070581e-01,8.420388521782296021e-01,6.429908397593354641e-01,6.570567352377644221e-01,7.782068674461399826e-01,8.638405060914624567e-01,5.752745979168270019e-01,1.019177240249653060e+00,1.045318049049334785e+00,1.068437875588636787e+00,7.797364694674282504e-01,7.659049266163003855e-01,1.367832143756321006e+00,8.582157492304706148e-01,8.506880217231179708e-01,1.090789898662764656e+00,8.893060126186685954e-01,1.094074718623271103e+00,1.027506056182641903e+00,8.241204363321937842e-01,1.056797936427332107e+00,1.165066408741043169e+00,1.218284646886878431e+00,1.048243557465187159e+00,1.057473411206754976e+00,1.035038659718641618e+00,1.136013427558774103e+00,1.042442245416823843e+00,8.762826367511452608e-01,1.927826863898400633e+00,1.175987604725980074e+00,7.727434793781158273e-01,8.873676569433163186e-01,1.007894322313691360e+00,1.221510111094536111e+00
1.137457975719231795e+00,7.723685762001899491e-01,7.009092570732352590e-01,7.222248673658385743e-01,9.322994238559101365e-01,1.272053153115010993e+00,7.606145368492686076e-01,1.348515346363529765e+00,4.031893428309928362e-01,1.069483064386555160e+00,8.832401633315415390e-01,9.268405455256847336e-01,7.699882603578439566e-01,9.355431777190130749e-01,3.567254622345907289e-01,6.891522591717751389e-01,4.735270019505500305e-01,4.951364410838568486e-01,8.414942886995365745e-01,1.089919592956607675e+00,8.478046366488017904e-01,9.592888990726526899e-01,9.467727456936458896e-01,1.266980820993639067e+00,7.006950759741578105e-01,7.136458288297461428e-01,1.153233190372482397e+00,1.357030649485266416e+00,6.092889416320028673e-01,1.004864707990781536e+00,5.636162416782304341e-01,1.142603677864163059e+00,8.886970357426777767e-01,1.016299736609492133e+00,9.254633669611523894e-01,1.570166677714598391e+00,1.024839890022257727e+00,1.007452711108767440e+00,1.739549730899394131e+00,5.454631065857250549e-01,1.179969210898144771e+00,1.320314412353465361e+00,5.976482245859063847e-01,1.041531029237294792e+00,1.227108025897802879e+00,9.301498721940302250e-01,1.049797076574050525e+00,8.737726730912352968e-01,1.288360357812275980e+00,6.882345212735662132e-01
9.438916996912528612e-01,6.161322960710242658e-01,4.856100952579274765e-01,8.368091565914583807e-01,7.507543938490641722e-01,6.439277289535791926e-01,5.738123866719448962e-01,1.191297535977319466e+00,8.593921742912051798e-01,6.283066081668312597e-01,5.154253615987438586e-01,9.242297652678198583e-01,7.608905716706975131e-01,6.483486556815979407e-01,6.608076194560048577e-01,7.306384487793263771e-01,1.077403473515132326e+00,1.076862564142262446e+00,9.106162097691334889e-01,9.991372469502529663e-01,8.633393001795426347e-01,5.745231139900168760e-01,1.107922373716728526e+00,7.375670087898709149e-01,1.317960179995302017e+00,7.234943480063259491e-01,9.054548907817970838e-01,1.063512526245880441e+00,9.366817435316392437e-01,8.585544290195852302e-01,6.770440096127122720e-01,8.624186825824938785e-01,8.696641017884824132e-01,9.460824726227912151e-01,8.966111250369805941e-01,1.352656744914837228e+00,6.161783341411697368e-01,1.287767965557229832e+00,1.450832865050261322e+00,1.000074691642603764e+00,9.230768005259593068e-01,1.751878424495493691e+00,7.682650938383193129e-01,1.085882158605757652e+00,1.040021632614565927e+00,1.325052169547100256e+00,1.042810178026590151e+00,1.522107613103678592e+00,1.098656941098330675e+00,1.464919182598114933e+00
7.262449838722206952e-01,1.267953325345996474e+00,1.577871966635695289e+00,8.579267497379496898e-01,9.204300555933414563e-01,9.971394683125416325e-01,7.793888140314445545e-01,8.032465497782584896e-01,5.870183684235763533e-01,7.214482536369086763e-01,7.872827193411413571e-01,4.907933328141186879e-01,1.129572773014561715e+00,1.018335566678039816e+00,6.981443833043943226e-01,9.950769742013323427e-01,6.148969387805919284e-01,1.006304263473903227e+00,1.008884766555625312e+00,8.337057275920344290e-01,1.333626645258224830e+00,9.024749546558765712e-01,1.154863570812697082e+00,9.443908895293979811e-01,1.140831715583539907e+00,8.262086479679678908e-01,7.334946011172363001e-01,5.970142348451644709e-01,8.808436004714981227e-01,8.205130554164622447e-01,7.605327126329187726e-01,8.591002196389085910e-01,7.269990874529886904e-01,9.583650062475103093e-01,7.577959336769877208e-01,1.044181890660608847e+00,7.687824505629166083e-01,8.572574606608993619e-01,8.409146463640120306e-01,6.148657854801617972e-01,6.961805222090615697e-01,9.381606661730257368e-01,1.467467659609593467e+00,7.824474530455163279e-01,1.112457630876680259e+00,1.011317917208598427e+00,7.684259926381122874e-01,9.588511344315205909e-01,1.060849355611665823e+00,6.149492956382740516e-01
1.583929628580121651e+00,1.286379874910119181e+00,8.089768945828434976e-01,7.892988004998523488e-01,1.135298375289863548e+00,1.068383411805937655e+00,5.018648529700807659e-01,1.187538092786381894e+00,6.878337361072943690e-01,9.857685102769353502e-01,7.458410169781563015e-01,4.515008795860452895e-01,1.118975306435516348e+00,7.282802551746176967e-01,9.514802703389417804e-01,1.200993885757716928e+00,8.531923317157362741e-01,7.027415247529049669e-01,7.642292253445591710e-01,7.664441827149215403e-01,1.320150500670194571e+00,6.924016130236545497e-01,5.976309305265449234e-01,5.563813228295321212e-01,8.877720979876884133e-01,9.995260608413263359e-01,6.149421693578569492e-01,9.942562918426656182e-01,8.973795731303113588e-01,8.013347939189185976e-01,9.886710721353677567e-01,8.806292363934520306e-01,8.013589402321581456e-01,1.035515014816948298e+00,1.026920802760920459e+00,6.839148869967526245e-01,1.069393672055025890e+00,7.760574259803927344e-01,1.237252845711351856e+00,1.078080414467521120e+00,9.609851952170955780e-01,1.439951466209485886e+00,9.016832026857140026e-01,1.089597214268048564e+00,8.679873339650463482e-01,1.377863600196966853e+00,7.754542554989977132e-01,8.994661380019831620e-01,1.384294613184867684e+00,8.685242160710515691e-01
1.284057416572614185e+00,1.104512344355348619e+00,9.889198330782786872e-01,1.073487503431251655e+00,8.176348826413304405e-01,6.715579808691125585e-01,1.031054411027723772e+00,1.473822126677380329e+00,6.765605265325211892e-01,4.215529968037515784e-01,9.133458183575722256e-01,7.027908203089199279e-01,5.664498911677943171e-01,1.230400180947031519e+00,7.775810714197759488e-01,5.519990543480771672e-01,8.112927025450475949e-01,5.966707138562826751e-01,5.518252252004043346e-01,1.036887094567506828e+00,1.272598059527940917e+00,7.263660271801967161e-01,9.042789805996394037e-01,8.552254372771379565e-01,1.177095447389339578e+00,7.052491030365726221e-01,1.118063354518058494e+00,6.301659528843563951e-01,1.124421602933223463e+00,6.296054448603010112e-01,1.148383294898423390e+00,6.740932252428973870e-01,1.588849994201131599e+00,8.805788624695514155e-01,1.475063123118089070e+00,1.321564502624297033e+00,7.218189239530057311e-01,9.953192195172289036e-01,7.326319829375732562e-01,1.145640333855601600e+00,7.471520577427199772e-01,1.620676635904905849e+00,1.015825109809779470e+00,7.380882322245927440e-01,6.725159485510390223e-01,1.164853712679994269e+00,8.262387077916386602e-01,6.316511448271842077e-01,1.219661952943272176e+00,8.183738824016428826e-01
6.984639878730068974e-01,9.534264364564821737e-01,1.371801255305361344e+00,8.250419542460079025e-01,1.458049139621076851e+00,9.178017079924088995e-01,1.060543950639204480e+00,1.000591308609006136e+00,6.876837920030470785e-01,1.013732520879319754e+00,1.364567343104500008e+00,1.167767033275196153e+00,1.082556275675400581e+00,7.929604979064655002e-01,8.346665023340351652e-01,1.035581320030950492e+00,6.414397575242539729e-01,4.396947598787693257e-01,4.877271267005845456e-01,9.702064839288897513e-01,8.570340282174899738e-01,5.929899339300126471e-01,5.572363044891891493e-01,5.561141600287571318e-01,6.411895112097063532e-01,8.497765331242194131e-01,1.077857299278342840e+00,7.767364017190281356e-01,8.333684830321864689e-01,1.451573071902217071e+00,1.180324700884222811e+00,4.300789593091652874e-01,1.260924232388358268e+00,7.715589584973774340e-01,6.168067972073665306e-01,6.738006558807221325e-01,6.453090721667218421e-01,1.572436875274290546e+00,1.343694289677172637e+00,5.162010917076238492e-01,9.696697216663056063e-01,1.508401305600897802e+00,9.241548481886864286e-01,8.224998338032862844e-01,1.447196074580276104e+00,1.265202714502684511e+00,1.102214495486019574e+00,6.826253312839436482e-01,5.781995701811493138e-01,1.241431956140997217e+00
1.504498586705814933e+00,7.404739851593165056e-01,6.563067629607750586e-01,4.988783498833228025e-01,1.099691309687234497e+00,1.447957751983111496e+00,8.890590639084328117e-01,1.193642713675304279e+00,6.413321875821862417e-01,8.709254034586344506e-01,5.575225849645956133e-01,9.576160931470074633e-01,1.135461001162248573e+00,1.104641643901581372e+00,6.302821557087803228e-01,8.853394046128787442e-01,8.564789177628957528e-01,8.307052195335991041e-01,5.496951906166634982e-01,6.836152299684863376e-01,5.451928508510327509e-01,5.875047776713464565e-01,5.392081762798297540e-01,1.051557697311890971e+00,7.677014534492395681e-01,6.080484930519344244e-01,7.440068307138243409e-01,6.464715610130840062e-01,8.729872049344929996e-01,8.113367532705032525e-01,1.443415837171077687e+00,5.963875229286040858e-01,1.174893898228349665e+00,6.563993178129361450e-01,5.002285969463061699e-01,8.801643330740839266e-01,5.962790226802818783e-01,1.043328720195361159e+00,1.056221502245276556e+00,8.599925383751250152e-01,6.789284173512039056e-01,1.788724064947607051e+00,8.391193529414300301e-01,8.107119301379567267e-01,1.254250711428631204e+00,1.662563092493546391e+00,8.714460840044868650e-01,1.064367880814122369e+00,1.191000241737697252e+00,1.296858556760285497e+00
7.208416930781444965e-01,7.368766168534037764e-01,1.507309789639011743e+00,8.189028134520199842e-01,7.118942701004068452e-01,9.058254967611798492e-01,7.895869669994667328e-01,1.184619373359270922e+00,6.861968770539971230e-01,7.557079503145183175e-01,1.089863348800997667e+00,5.133376860331920755e-01,1.029664579242334677e+00,6.367617082466432432e-01,1.259940591214550931e+00,7.836055790579632419e-01,1.150351791856301764e+00,6.899143908839010519e-01,8.516065713173605056e-01,1.048369223767974701e+00,7.792865506984048007e-01,9.429959518335466750e-01,8.283692356115028854e-01,8.605192987085720224e-01,1.056299903604382084e+00,7.773897430101899264e-01,9.348383504049516679e-01,6.116329844297722085e-01,9.673574707436565223e-01,1.037878879794246201e+00,9.327499552122361370e-01,9.727738629638882362e-01,8.878958398193302903e-01,6.277998582209864953e-01,8.677058557118273452e-01,8.528653440073936665e-01,6.074188103938481520e-01,8.012425771746908287e-01,1.207770004035126243e+00,5.644905221172142884e-01,7.286767460552467934e-01,1.445493508117224879e+00,1.015212613092891125e+00,1.373707955083829813e+00,1.274106252987638799e+00,5.946076706162770620e-01,1.372359306157096892e+00,1.408484749225555444e+00,1.334789804052153084e+00,1.157408140160996357e+00
5.887447665914993244e-01,6.107364948432066898e-01,1.189231858277383092e+00,6.366996562041737917e-01,9.466679774675352821e-01,4.452561197775329882e-01,8.346594977958368133e-01,1.562285841070379711e+00,1.203502667828889372e+00,1.039888334178212137e+00,1.407410203384386271e+00,1.079814501905222768e+00,5.437551884467044516e-01,8.111100302257632233e-01,1.016620305155133241e+00,1.016906344868610423e+00,9.048293805845529780e-01,7.451414704568585234e-01,1.364853517990065601e+00,5.305851592160386598e-01,6.415688993675602303e-01,7.484833973229103599e-01,6.444599415286783595e-01,4.557168279771561248e-01,1.054465348112273437e+00,5.531041687737926482e-01,1.082475045714039741e+00,1.017965199683183997e+00,1.038394275380680520e+00,7.728669893391590939e-01,6.503982785928659194e-01,5.118018728325069988e-01,9.446590815150355258e-01,6.380626650557348345e-01,1.030193146183193464e+00,1.303923531711323580e+00,9.991093315562047383e-01,1.406955246171693652e+00,8.886500299613203646e-01,6.065292743330156222e-01,8.126209893170577292e-01,1.059038030051961510e+00,7.737983576087288373e-01,9.082803911840533484e-01,1.027991196210372937e+00,1.385952633139413859e+00,1.318148143454674459e+00,8.234315713332425180e-01,7.274432861566499930e-01,1.122907285645190267e+00
9.319425640721945570e-01,6.810157402731249476e-01,1.214244956582140711e+00,9.711537038391074850e-01,5.838865827758412674e-01,1.696869750721896608e+00,9.632783853263411356e-01,1.119633455332086358e+00,1.350490132973266366e+00,8.800130674600945557e-01,1.278579541423438659e+00,8.648014423445286036e-01,6.665510154938744103e-01,4.901923234272639318e-01,7.768545044329976390e-01,9.817943231271740734e-01,4.653244664821123422e-01,5.487259941674951236e-01,6.382713437023765923e-01,1.079127217498903279e+00,4.868317060054279111e-01,6.296566894002512127e-01,7.304929401754695073e-01,1.230187681766928387e+00,8.352280077652324275e-01,7.153140357176309694e-01,6.393854220744332739e-01,6.715154676731349692e-01,1.219126238136429841e+00,6.230975428447105280e-01,1.387856884366155175e+00,6.583123800515620072e-01,6.066130649873213709e-01,8.114106966702552270e-01,1.018522532915925094e+00,1.305897427522172638e+00,4.115560017832615713e-01,6.464542127917087821e-01,9.557257064486105458e-01,9.377524826111841572e-01,1.003881326892787751e+00,8.227175894283439428e-01,9.091804148930204832e-01,1.645680643468472981e+00,6.915841191862948101e-01,1.054700242287125223e+00,1.425003342024931952e+00,4.610445615531057473e-01,6.529504958004024306e-01,8.505429568782731931e-01
1.169533520030077822e+00,8.906883316771316839e-01,1.194160433551424871e+00,1.462702080418618822e+00,6.850420432264158199e-01,1.055571349692006500e+00,1.270935487757879789e+00,1.169427878087209827e+00,8.033384978183780722e-01,1.160350598912956110e+00,5.687392350595199542e-01,1.686407500305385554e+00,9.119996279636755077e-01,1.134398351765934843e+00,7.772367422465658038e-01,5.513592301480606528e-01,6.782812896722331120e-01,1.217011348465199871e+00,4.317491260758260507e-01,6.763244207930660945e-01,7.425007721445167075e-01,6.972174882534076801e-01,1.741485498976277357e+00,6.214306456630090958e-01,1.558957855023888950e+00,7.443652192450800342e-01,1.088654742483896154e+00,9.728601183225485949e-01,6.701722283686591952e-01,7.489815440287257431e-01,5.600721288086650818e-01,8.569647975329207634e-01,1.270523684223224148e+00,8.241086114660312045e-01,9.006929314334671810e-01,1.023142550331787692e+00,1.716650271259721805e+00,1.038057007708477864e+00,6.001729291882844652e-01,1.170593534665552271e+00,1.110960143927324451e+00,1.217488668174568911e+00,8.896536427723980012e-01,1.161072119036281824e+00,6.780658995933686040e-01,1.380524865334695317e+00,1.075601015213511591e+00,8.085443052115408591e-01,9.973578627908290528e-01,8.424539422821963885e-01
5.637185283129972913e-01,7.659981345785866758e-01,1.016616720217129011e+00,6.334465872516792384e-01,1.324061278022208965e+00,1.177713206131819401e+00,1.104612594434837280e+00,7.078524326860748950e-01,6.498401814557683842e-01,8.418846307082838987e-01,4.623199220773619444e-01,9.578213482048928418e-01,6.527154621020869740e-01,7.675103674218402006e-01,7.775716120620096428e-01,5.553678365913229387e-01,5.906468159525103401e-01,8.551401971664593926e-01,1.105888177061651545e+00,7.163784053294459664e-01,6.134636321438804440e-01,5.832000450712475637e-01,6.635856652416727286e-01,1.023771198117647163e+00,4.857256603720337407e-01,9.522226264799847906e-01,1.541998437977507130e+00,1.158036635576265017e+00,7.737121530459436514e-01,8.805784540368387647e-01,1.481143661732398309e+00,8.348378179089758211e-01,8.026049070253240547e-01,9.527847837424406885e-01,8.810274180577358782e-01,6.081084849884356158e-01,1.084989529357187177e+00,7.262044998867287493e-01,3.528273144033038933e-01,1.131998309241316392e+00,8.023441330942560068e-01,7.686589560631200690e-01,1.062712511766090495e+00,1.168868633727766282e+00,8.967777649880923629e-01,1.068342436662230055e+00,1.532824207266368255e+00,1.030763010483149777e+00,9.678072352627564712e-01,1.529917134297701375e+00
1.045785114968483365e+00,7.077606713833317631e-01,8.138736536246874431e-01,8.814194116531011147e-01,1.078666236931577815e+00,1.209942029949866882e+00,1.287043290713227206e+00,1.193663186237981400e+00,9.841642188200833141e-01,5.189470543217435949e-01,7.981406765651825053e-01,6.522194170215475095e-01,6.019849182947425437e-01,1.024838689044071938e+00,5.473016935155603502e-01,9.192064013846167336e-01,8.633134260655126457e-01,5.653346137165402574e-01,1.155155284191107468e+00,1.149824942594733113e+00,7.696095634485151660e-01,3.635565190118745238e-01,9.602761771377379407e-01,9.173739321842315775e-01,1.295176643245707915e+00,1.322597787149441650e+00,6.305991822711819461e-01,6.155679153955178062e-01,1.267763925019286919e+00,5.595431944002972058e-01,5.792448703813263267e-01,7.254275687497530045e-01,4.759606802138204307e-01,9.908948766293901311e-01,1.039356473799718739e+00,4.718653609230349377e-01,7.647557906061258626e-01,6.826612695070450876e-01,9.780164294187757568e-01,7.894593127563387380e-01,6.328464548866954420e-01,1.396034432534436487e+00,1.041614007127515729e+00,1.352979117931146336e+00,1.140164496219677082e+00,9.967643882289456414e-01,7.593470486335127667e-01,6.670069063891761463e-01,9.709286367663108042e-01,1.429140296146023115e+00
9.509643588398224434e-01,1.321110297530230460e+00,8.505604992182881352e-01,6.518094318957694533e-01,1.276293115125463284e+00,5.261872212202616250e-01,1.052636585193885699e+00,9.049458501091873774e-01,9.117516930445888068e-01,5.021670278448324698e-01,1.413253417627625019e+00,2.163905938857065281e-01,3.960614008195212365e-01,8.074857745874671755e-01,6.942334103220331176e-01,1.218841264157379589e+00,1.259351395841505461e+00,1.534118212084909727e+00,9.732353411388864339e-01,8.803282685695897891e-01,6.305394544195881412e-01,9.651149104896348252e-01,5.623270067144157114e-01,9.764277881490566191e-01,5.570916639525702596e-01,6.880345704665729034e-01,9.554142334775947987e-01,6.843403676551936821e-01,6.159264754280247001e-01,8.327624939314223207e-01,1.146314762024513545e+00,7.793027863753999585e-01,5.818882522826560599e-01,1.114740915352093076e+00,6.835839641788220566e-01,8.568802629416440997e-01,4.721470305813034729e-01,8.775932480448316308e-01,8.424739095575832781e-01,7.701351069575850250e-01,9.137697520206117252e-01,6.125888085842818853e-01,7.005732517767989664e-01,1.228056149197877200e+00,1.145154186244690120e+00,9.702101023726600326e-01,9.049568886993523131e-01,6.559035997579021338e-01,1.418803766693777391e+00,9.715501988703154623e-01
9.960829819338921087e-01,8.083070827525051794e-01,7.454489158318191588e-01,1.135306459296650416e+00,9.633129059543585893e-01,6.928120911593310671e-01,1.226469032613712873e+00,9.430815285217912791e-01,1.052499315244680655e+00,1.162092356456741360e+00,1.125549472215033209e+00,8.568652314247110491e-01,9.178735032323581677e-01,7.909669647808407200e-01,1.069421793794455899e+00,7.427667558807315995e-01,8.503736168233496651e-01,1.001325598956472218e+00,6.764827356028465521e-01,1.424645197941719399e+00,8.416989472147381468e-01,3.697903585657340564e-01,6.298086360684870266e-01,8.470630034626187577e-01,6.908665194921435049e-01,5.495283539219919522e-01,5.405098310432558950e-01,8.580874112596452719e-01,7.957678136681698433e-01,1.062385228949263682e+00,5.389533947855295049e-01,5.234458851806393920e-01,7.279919423828805636e-01,9.575906890561528551e-01,9.445436548929547760e-01,1.232599477277176891e+00,9.527466649465556880e-01,8.993363798298364964e-01,9.629941057064895782e-01,2.048287003260399253e+00,6.994550295861529099e-01,1.383718431227583423e+00,1.420971382499838453e+00,1.061723526828825870e+00,9.019310635684375521e-01,7.935910267047704414e-01,8.445406560947436025e-01,1.412428393193657872e+00,9.747146745383732380e-01,9.092082274098247652e-01
6.748919185794156617e-01,8.805979355414785825e-01,9.660710412008424175e-01,1.000976362076295256e+00,9.446739022222437887e-01,1.072383649615575862e+00,1.191510814084636660e+00,7.518092351526373118e-01,8.888033981751377599e-01,7.578559481546476295e-01,1.114126879122854907e+00,9.153052985496026306e-01,1.060386437327232700e+00,6.285077711911182252e-01,1.140969600746051471e+00,1.025532751744206550e+00,7.559602683341867246e-01,9.808909272154446857e-01,7.602011483505528577e-01,8.512746027230517765e-01,9.563515971732220455e-01,8.338420836433361183e-01,8.102133955233817852e-01,7.492176405678436790e-01,4.806582080914796329e-01,7.377818892427894237e-01,1.137978538432223852e+00,4.915549963306223846e-01,7.568767811135176382e-01,8.488825255653390522e-01,7.214602686452569191e-01,8.522936328226933256e-01,9.201130301607550743e-01,6.320428853634971755e-01,9.533510461327645569e-01,7.730516462291409097e-01,6.410922552933560059e-01,6.640122881466565818e-01,7.890672650098909946e-01,8.829851929533832910e-01,1.045131476116981872e+00,7.730743351701245825e-01,1.139970397459301177e+00,1.121465818858303765e+00,1.122326619259276903e+00,9.485462210811427264e-01,1.011808300761656509e+00,6.354363161609157817e-01,1.357067729568750325e+00,1.170143186062764462e+00
7.459320507446840498e-01,9.939125490203186697e-01,8.935324964398499992e-01,6.381133897437969438e-01,9.771443768789677131e-01,8.369823330581823706e-01,1.359994623770396371e+00,1.307441903091415947e+00,1.043967676243494846e+00,1.148616358410358806e+00,1.109839258106850135e+00,7.635152944668006647e-01,8.527208486317545688e-01,9.783840849877650792e-01,8.910991711233634538e-01,7.546223752087651837e-01,9.310456763242465072e-01,5.168858419425209627e-01,9.158731645713465985e-01,1.131990118795238587e+00,7.495617364968165663e-01,8.468960861193082224e-01,7.783888099325390053e-01,8.480405688751886384e-01,1.337415740083295779e+00,1.218855630419012792e+00,5.949463937817441872e-01,8.873085593055419773e-01,1.338844535645431710e+00,8.518282674457516856e-01,5.399913218935880055e-01,8.014954589421321440e-01,6.260950006520616951e-01,5.242583935180186172e-01,8.919122149388970522e-01,1.256932811489952062e+00,5.734135873503365399e-01,1.353665095648812322e+00,9.340440935852475368e-01,9.080567788130003981e-01,1.022789537619823719e+00,6.191789990424817480e-01,6.690532073297341675e-01,9.790641160678429378e-01,8.707181014652732864e-01,1.182748621828139335e+00,1.178855662125403825e+00,1.087218628515686403e+00,1.173256869949327763e+00,1.482094966045264028e+00
9.991341032887046669e-01,6.077196253140534354e-01,1.281490186820843702e+00,9.894347448374893883e-01,1.414430326227044121e+00,6.033039322118071146e-01,8.541134140113031403e-01,1.209289874831683598e+00,9.100180818913609082e-01,5.451557905857654651e-01,6.892520022875783248e-01,8.474954115729133042e-01,7.796745349828820837e-01,8.075954559267690680e-01,7.356085186174230461e-01,6.262883898417379580e-01,6.488195183032435809e-01,1.014407774925147443e+00,8.705673730405898425e-01,1.132576105376587261e+00,7.223381860319374459e-01,7.796143443921930150e-01,9.080659755664628463e-01,5.450844508431774704e-01,6.771141067860054763e-01,7.491038661372149132e-01,5.212087393241270350e-01,1.039191146067268035e+00,6.777088345571448125e-01,9.127507202968093702e-01,5.071915838746495764e-01,9.156361290324805946e-01,7.817324927550196589e-01,1.029022755127854349e+00,1.368051819218146559e+00,1.177041288419405696e+00,1.674792875552662874e+00,9.390561681997116050e-01,1.024310774871917573e+00,8.572008248152981347e-01,8.890239588436756879e-01,7.245508143203966966e-01,5.643799897833882140e-01,1.003503926717001837e+00,7.337125561896544745e-01,1.100262420870657731e+00,1.009102743556125503e+00,1.175915109429702898e+00,6.872095834437221828e-01,5.994291529707699295e-01
1.159705054944589309e+00,1.374031652970403750e+00,8.484528650063987154e-01,1.158127849024422895e+00,1.379575220723025852e+00,8.764407517762459188e-01,1.286790581115049514e+00,7.536688886404196985e-01,9.151366088768109197e-01,9.185939221547970712e-01,4.566230622559544483e-01,8.092767707261054877e-01,7.746723400898043455e-01,1.240357482284426771e+00,7.660762295171580361e-01,9.885059877438600040e-01,7.839255626440774227e-01,1.282739234200906742e+00,1.036635264320913352e+00,9.593966256394665937e-01,8.436218973612120697e-01,9.788792680932871804e-01,8.613104358267260618e-01,1.091565110316072174e+00,8.152939145531264975e-01,5.788584522378873443e-01,9.865866343076248324e-01,6.207618795310871906e-01,6.763781818755757458e-01,9.300204586084760416e-01,6.470843498226673818e-01,5.460894575113270921e-01,8.875453028293567304e-01,7.707639761094607911e-01,7.491011089292345382e-01,7.960810679584761074e-01,7.084249562075867201e-01,1.424612615138866500e+00,7.493962251987503764e-01,9.607666701292900679e-01,7.942631450542486649e-01,7.260518939504556624e-01,6.741862609245184990e-01,1.452451889249969375e+00,9.962450370145589096e-01,1.818680647266024852e+00,1.223806997508172234e+00,8.482999621235588483e-01,8.737623401251790600e-01,1.393890150719106158e+00
8.554576310879562495e-01,1.274194513781786942e+00,1.255676161252837542e+00,1.438333739581189707e+00,6.183757726010415956e-01,5.591891418559985505e-01,1.464566731992441140e+00,7.145561595656543252e-01,8.855923275509788306e-01,6.959431290760030864e-01,1.049266515442175418e+00,1.151669614423755927e+00,9.458972758373919154e-01,6.300530474199625974e-01,8.257544125328235562e-01,1.629069727156380765e+00,8.333606155839481389e-01,5.812923616205634136e-01,6.760947219205518666e-01,6.531560791441209934e-01,5.010525699314462011e-01,9.980767650045516692e-01,8.283116870737714521e-01,7.285027424670328378e-01,1.410986367512164552e+00,5.594368051853688684e-01,1.162336355553716283e+00,8.664902839098088672e-01,7.783229703801509691e-01,9.011653954718038539e-01,5.959509544861216757e-01,5.487698927654273140e-01,6.925713462245818297e-01,1.251722849874161714e+00,8.263963056780372352e-01,1.527519733573288852e+00,7.250615616713453893e-01,5.816544847374796046e-01,8.432990223970131538e-01,1.236869478579179171e+00,1.065394877349212788e+00,1.316322603323058393e+00,1.161508816763618723e+00,1.332545682503720741e+00,1.349082662705143765e+00,1.689862541230426229e+00,1.084199460200816478e+00,1.256104331338336433e+00,1.107091255643064764e+00,9.065484970015799115e-01
9.745441597570211334e-01,8.505285304496851273e-01,1.478756046531570778e+00,1.215497196480393782e+00,7.630402691688712435e-01,1.510574423675222100e+00,7.116915877008112012e-01,7.258214286239238477e-01,1.001063757281970057e+00,1.048807283645385890e+00,1.167442081225720463e+00,6.887461714608220653e-01,7.827384214408572571e-01,8.766369163352514260e-01,1.366528627143802410e+00,9.200588101729610946e-01,1.148769591807940360e+00,1.115389400794727592e+00,1.219647730709682687e+00,7.182129832754596821e-01,1.101055529153674994e+00,1.008917624354456866e+00,1.010424539438359970e+00,9.853302930911826962e-01,9.775832038533911472e-01,9.197864952617902379e-01,1.126791952612618442e+00,6.583116714622145871e-01,1.127119364419012060e+00,1.081379752888101287e+00,5.263106888790815008e-01,6.818789216695048117e-01,1.037400314442469051e+00,5.890610975878332045e-01,7.388801637583747306e-01,8.697909758404029912e-01,5.789697296611358013e-01,8.101453023442864998e-01,3.977323860450002746e-01,8.749029380001450695e-01,6.976204102910634752e-01,6.033302094283328199e-01,8.705308144514525281e-01,1.781877628186812501e+00,8.386578554581778366e-01,9.002056747682335436e-01,1.292959388333597026e+00,9.279227076856262357e-01,1.743819294291403921e+00,1.796271341199563665e+00
9.858755726140764342e-01,7.703452709995183278e-01,1.200273534907104978e+00,1.125099895214538792e+00,7.101257874791163660e-01,7.265397647480552612e-01,6.151424868304506965e-01,1.219522532947004523e+00,9.828415292553425164e-01,1.126329704688232125e+00,9.732590822118414309e-01,1.233955436745885148e+00,9.955760781696971762e-01,1.037384975462272818e+00,1.710020476599616090e+00,1.007598746895579600e+00,5.819972796684179661e-01,7.484327994664691230e-01,1.014206395268607119e+00,9.156504482593446070e-01,7.645679853161997386e-01,9.394444593680655320e-01,1.065492407898468885e+00,1.340886580152215179e+00,7.260653229772274786e-01,7.946473343346558416e-01,7.933812940975663031e-01,9.517520884041988927e-01,6.350197590140067572e-01,7.324380057748436368e-01,7.926454238342239833e-01,8.591788919138009240e-01,5.910744605510187544e-01,1.056198683777450409e+00,6.229070800303160294e-01,6.324219666424245601e-01,1.080246130620808653e+00,1.045706282977394208e+00,4.406023165741384529e-01,1.048007721200530318e+00,1.726809131636888539e+00,9.454180677724057791e-01,1.066758365776091733e+00,9.686255323728534261e-01,8.364235513415737566e-01,1.381310189741552730e+00,7.676134569139769770e-01,1.015306610230607864e+00,6.481626650297795944e-01,7.699964822867496617e-01
1.076648915471886570e+00,9.001783049770223366e-01,6.299741367842156547e-01,1.076116904496315030e+00,1.280107139121090087e+00,7.783688666078342200e-01,8.436744152454404011e-01,1.327778699577779831e+00,1.163253567264927124e+00,1.347259916892457055e+00,9.236672315546631262e-01,9.425232402738530357e-01,9.173105780785919539e-01,1.368672085765866298e+00,9.100052280207414634e-01,1.106538482287608982e+00,1.109473692570816628e+00,5.278302959834445529e-01,1.138003782203764525e+00,1.059140708079569171e+00,9.956867142813429217e-01,1.293444358891435053e+00,1.319886090323815653e+00,8.400494457250029523e-01,8.117966348590718306e-01,8.596804131070433508e-01,6.182568452564969341e-01,5.454851827021981459e-01,8.605902581154459829e-01,7.292400979859470223e-01,9.802906020352528671e-01,5.780470092292561146e-01,1.362219005560709295e+00,5.376295545117664165e-01,1.119304864483797735e+00,7.289418802317282342e-01,4.374081648114604981e-01,7.221920022535016637e-01,8.056014240670481552e-01,1.071917607076148027e+00,1.073685938360084302e+00,1.144726451437950043e+00,1.056958790284083349e+00,5.976364236257737383e-01,6.590972336179655722e-01,1.516746473585264043e+00,9.679601452293435937e-01,1.117899977805099310e+00,7.555782880679020597e-01,1.054645836524569891e+00
1.205741916670606706e+00,6.589030167278803196e-01,7.853032308252578808e-01,1.253310896691138820e+00,9.844056818939168618e-01,1.251429883961903133e+00,1.123337376789876441e+00,9.016704368735435349e-01,8.235900406357951065e-01,7.323667987721085293e-01,8.471221432275168883e-01,8.701169932450580902e-01,1.035437234292498676e+00,1.206332119296424477e+00,8.644085075319816180e-01,1.074977162996938018e+00,8.512519027016504092e-01,1.103946812143050460e+00,5.445916437119933118e-01,7.115765517851552202e-01,4.806395006137321735e-01,1.095752561585765505e+00,8.826066220252732908e-01,7.897566442430048461e-01,7.673030064452688315e-01,4.548140037064080099e-01,6.971832550690182373e-01,7.252112476609517966e-01,4.512335666047200822e-01,6.262409811788451908e-01,6.787532043584583175e-01,1.030137099230173270e+00,4.208797079977338873e-01,9.456360047408287617e-01,9.106704451053382332e-01,8.199913382233251502e-01,8.278583327198795194e-01,7.294048605579825928e-01,5.161576099443240251e-01,1.330590468208844523e+00,6.516274040409638646e-01,9.736347606333259908e-01,1.267014636162610897e+00,6.148066415124932016e-01,9.032791314661026139e-01,6.254271896059490077e-01,1.155270190349161119e+00,1.135570590275553959e+00,1.055326973649989508e+00,1.455707536495621568e+00
7.182854048095485000e-01,1.023973018601509910e+00,7.912302211100163962e-01,1.566687759063818630e+00,1.062423825909239339e+00,9.520109705066441830e-01,1.673030890588039110e+00,9.443386839908448627e-01,9.186244497263007514e-01,1.436252279739294035e+00,6.597179313978877024e-01,1.014559175199876817e+00,1.598804300642478360e+00,9.581586446822948355e-01,1.333953141658716479e+00,9.307023302187793501e-01,1.056439380956163188e+00,9.499277122441089904e-01,9.461408864087526016e-01,7.629054071951978377e-01,9.769838667402723775e-01,9.272221966965025208e-01,7.960797538044743771e-01,1.256557293776874307e+00,1.084932147838585381e+00,9.737712489477308164e-01,1.257834529294314274e+00,5.153543361064784056e-01,7.121839083252122782e-01,6.156790389779103201e-01,5.588894805096061846e-01,8.012467539447607479e-01,7.573968891769725653e-01,1.163899681210706305e+00,5.189541734438393172e-01,4.904231369616386393e-01,5.892268814591742343e-01,6.508568329476263070e-01,4.096736711335104419e-01,8.461018048082561416e-01,1.089497925695220193e+00,8.155288728502263496e-01,7.740663403546991228e-01,9.124613818218112460e-01,5.843050723236491439e-01,9.455885196285457317e-01,1.189959013965671497e+00,6.982752478466552892e-01,7.453338727888467741e-01,8.615056357555257449e-01
5.544322369815315454e-01,7.378613603880944671e-01,8.444614608740532713e-01,1.193668462057871693e+00,1.051420600771106217e+00,9.235570766115411834e-01,9.717518647917604557e-01,1.122799956847011504e+00,1.084580260527916673e+00,6.960786241894549864e-01,7.836045588864575251e-01,8.190897778006194230e-01,9.549588245133271425e-01,9.870332318488364010e-01,8.695674364601359008e-01,7.196025968087622626e-01,1.271668140900342969e+00,5.722156935524153054e-01,1.087899699569649936e+00,1.218584686009620999e+00,7.182599844940490419e-01,1.111451868741806015e+00,9.972442098125439136e-01,1.018875092959302231e+00,1.051233634822929641e+00,6.882421221581738191e-01,9.082961672492227967e-01,8.819656468941365901e-01,7.207881991238291874e-01,1.055537866417766368e+00,9.271448311628844863e-01,6.926153975434053978e-01,1.109535809659090155e+00,1.087563245183769123e+00,9.083311894060726033e-01,3.704121609284111161e-01,6.663561590854356620e-01,1.213498283677946654e+00,1.436158559739307838e+00,1.193786617294109176e+00,1.140348891978840040e+00,1.436714532510529274e+00,1.364833003838165748e+00,9.327186370117411807e-01,6.920805329330501632e-01,1.320445013456879702e+00,6.869801702396359788e-01,8.288524074159550059e-01,1.123827408769401126e+00,6.707642055289542160e-01
9.906624935195280646e-01,1.445760735406005137e+00,1.473838836174073963e+00,8.302488720632478225e-01,1.002688976905299345e+00,1.461776160746468323e+00,8.172009704882728931e-01,9.928066075054549078e-01,9.739169783187096030e-01,3.945200016551975164e-01,8.765189225151155394e-01,9.348395926762285146e-01,1.011238811511619096e+00,1.053089794805745827e+00,8.444028466291815249e-01,8.881564155432901675e-01,7.520257707980492201e-01,1.139568111819694307e+00,4.361701473553611375e-01,1.019654871168659049e+00,1.053954293026642786e+00,1.144984365664371229e+00,1.133077766530453667e+00,1.042698124176373975e+00,1.048505882533042222e+00,9.863999259997833224e-01,8.210611877825131355e-01,8.546722547735308151e-01,1.090703733887751881e+00,5.968440081975364686e-01,9.668227722509419308e-01,1.057633595196459941e+00,5.077081041216141566e-01,9.163111930648512038e-01,6.747541349559699198e-01,9.877871524434169714e-01,1.297026633447099897e+00,1.059728251631770535e+00,7.919595653404646329e-01,6.443139489439504430e-01,5.351469064594938096e-01,1.178753285789352345e+00,5.376692715374860043e-01,7.351762141839801590e-01,6.965109704423732007e-01,5.131907390160211913e-01,7.864816332808708399e-01,1.664398714745816132e+00,1.001880713078681984e+00,1.287448512624699060e+00
1.071091226069532443e+00,1.595195033872406132e+00,9.213541482493319279e-01,1.532447294318135089e+00,9.576406501716236974e-01,1.058188705067425017e+00,8.656969845192883373e-01,1.087551222214001578e+00,8.302743235332705751e-01,9.877043612469073031e-01,1.057910838742903259e+00,1.431400328125465027e+00,1.036779352039530311e+00,1.266320148165968495e+00,1.019965781802697702e+00,1.364700217971666074e+00,1.565248587865844199e+00,9.850241904633139089e-01,1.120243655959254570e+00,5.079185314183932709e-01,5.884924261932338307e-01,4.959503270289634669e-01,9.223006128795395719e-01,8.088163912405207379e-01,9.031061311574045680e-01,8.780951758667798757e-01,1.250355435549390215e+00,6.189918909999569951e-01,8.117999372820600135e-01,1.093177508391546926e+00,9.822322307657065377e-01,9.615018169316524865e-01,4.689236374310827848e-01,1.224306109869900627e+00,3.790670715782294975e-01,1.125292252759976463e+00,7.138092024640152466e-01,7.904928630098043696e-01,9.327489209786541391e-01,7.229453685417586151e-01,6.588742996044214539e-01,5.377871954368236285e-01,7.258747513579588695e-01,8.993935569821502884e-01,6.363356756697590155e-01,8.816344182437367838e-01,5.487514391119067136e-01,1.306720513523400129e+00,7.069062882576464535e-01,1.037874272434234246e+00
9.186957305402945195e-01,1.493660042719616943e+00,1.000030905371428025e+00,9.589386859964829091e-01,1.222617728251784275e+00,6.898131280117923980e-01,7.035131435256885002e-01,1.016403657494021173e+00,9.624319569538947183e-01,9.439234192189935868e-01,1.102164538154045914e+00,6.948331133430906137e-01,1.009996615513470752e+00,6.128760370250514455e-01,1.102951546809749495e+00,8.217198182593372646e-01,8.782316474970850440e-01,8.988822469547589344e-01,1.365648120301628854e+00,8.433758339894914524e-01,9.666101062625234164e-01,1.108019587783187321e+00,1.175135246033773395e+00,8.064726156960638770e-01,5.975670317516093011e-01,8.806336609302158891e-01,8.213298305115817044e-01,8.459064716386126559e-01,6.093962650700066597e-01,7.428328253148085425e-01,1.123987908121590662e+00,7.421656751891569925e-01,7.920052189581670010e-01,1.247803120317511505e+00,7.108581197568641930e-01,8.421958661647057642e-01,6.179916674205376825e-01,5.249019007011527238e-01,8.673056772553326965e-01,7.443119381032757831e-01,7.119765499885811755e-01,6.611990405225879330e-01,7.578590983401627401e-01,6.112082911532012997e-01,8.909509094883485414e-01,8.937103545610810551e-01,7.670851883925474679e-01,5.653830672338415742e-01,6.421473941943091068e-01,5.241577197104582142e-01
7.979344052341974525e-01,6.137389021174745052e-01,7.663672787954476373e-01,1.028820569523889450e+00,8.394763413410061270e-01,8.886400765222347564e-01,1.364222615846480302e+00,5.723351909453049391e-01,7.187684713272177728e-01,1.152696910962680121e+00,7.629544357393113208e-01,1.305232388788948761e+00,9.370426457248990371e-01,8.011259602523403967e-01,1.182692346678346995e+00,6.223084439591318739e-01,1.046314097186562098e+00,9.492298245730685924e-01,9.043545316175570781e-01,7.895908822669148730e-01,1.050581615554267323e+00,6.369058285514207496e-01,7.923986230965450739e-01,8.394100368943580026e-01,7.414197315033621560e-01,6.689778361114251393e-01,8.026218530246298499e-01,8.731268447386917320e-01,5.242601964990954988e-01,1.177504813712958898e+00,8.359135095918143188e-01,9.705624509469960026e-01,8.641883705095720902e-01,6.614099977333897096e-01,8.986800122293663318e-01,6.749417405534573478e-01,1.108669935282006858e+00,1.182542883950488566e+00,7.574934373584990555e-01,1.005238595936716495e+00,8.587164341840691772e-01,7.844251022633746961e-01,5.704917015351570475e-01,8.270110481041562656e-01,7.685659091370735663e-01,1.362471178593341659e+00,1.211601556948177949e+00,8.343073759138185386e-01,8.807365082627182096e-01,4.570021842764550035e-01
7.540536519281746397e-01,5.748640085073747352e-01,7.085990010654781290e-01,8.261827656028145617e-01,1.212179196427566330e+00,1.033488956309120743e+00,1.060634020751561657e+00,1.736115407524336351e+00,6.047773093033124159e-01,7.474627615738961284e-01,9.222769698886450485e-01,8.319412420528546903e-01,7.591659096020684228e-01,5.555714358884127346e-01,9.593844198414585023e-01,6.718667753073230831e-01,6.970269635481372017e-01,6.959030800632495239e-01,7.886102165780051187e-01,5.682441098801277457e-01,1.035100670179373239e+00,6.572105715829706929e-01,9.152357380866164016e-01,8.988085458284518214e-01,7.082769516440599045e-01,1.561549747419166412e+00,8.772414521531756160e-01,5.123611073097358304e-01,7.140474133902620091e-01,1.071739143144523343e+00,1.073497231789928508e+00,1.210271093099524631e+00,9.436871887319467911e-01,1.057746771335526637e+00,9.255808551831625763e-01,6.942071496941242259e-01,9.531442829152263485e-01,8.804528162067228880e-01,5.091107065101625473e-01,7.517124223130317029e-01,6.774569101317241548e-01,9.381636017668661953e-01,8.156515563419430848e-01,9.423749461052837173e-01,1.275866119500019602e+00,4.920214357855129950e-01,8.159744406046461895e-01,1.132681909261612718e+00,1.018373437079595156e+00,9.081758958294466888e-01
1.204145319650617996e+00,6.567395965938366276e-01,1.558322540279944990e+00,7.393962021041665666e-01,1.104096204735999009e+00,9.854243490861280819e-01,1.340481434762024415e+00,9.362223500094598583e-01,1.170193148653996040e+00,9.809703146827747355e-01,7.438483278799594700e-01,1.107871070988255102e+00,5.162617498291757201e-01,1.000191641328211256e+00,1.307168670340526750e+00,4.428723560884573196e-01,6.336499251592634385e-01,1.001273885735000979e+00,7.809492410475304958e-01,1.013475092958792789e+00,5.571683189117965229e-01,1.213145699382532472e+00,8.097790643103071062e-01,7.520757585102648690e-01,1.101984240205879928e+00,1.326598306026967267e+00,1.061980246334909506e+00,5.950973819421541133e-01,9.843159873605454857e-01,8.994793011138433325e-01,7.367348477966590981e-01,7.373200256836499600e-01,1.202419608872358436e+00,9.104183505010807753e-01,1.079140750392183046e+00,8.594977011405703360e-01,6.601648973250104913e-01,6.502707364811073365e-01,8.026066034218320988e-01,4.969642435590281293e-01,4.050510634409786870e-01,4.109296709629554623e-01,1.074127058031724591e+00,8.810023659256829287e-01,4.184832950208156599e-01,1.026217443263989226e+00,5.940379183784911810e-01,7.511849167213104916e-01,6.573153842337131625e-01,9.013577226771124495e-01
1.019272268549809235e+00,7.407194793375034836e-01,7.254754462132059212e-01,1.038709475969402884e+00,9.328136279062876346e-01,1.293023685874055362e+00,7.582907547008026494e-01,6.191840542616143805e-01,1.023418606877980475e+00,7.701063137633883393e-01,1.137358836102299264e+00,1.116257908850270208e+00,9.259854540631990982e-01,6.511776803153315196e-01,4.759083045091248576e-01,7.254661868716518747e-01,4.958960492531186981e-01,6.675045047868182202e-01,1.070549380047479904e+00,7.135951098274955218e-01,1.179589858909805944e+00,1.414211566153648958e+00,7.628860433208575209e-01,9.063693282720481914e-01,7.086371855426032429e-01,8.497807255920850622e-01,1.098424289555883115e+00,4.849506398968491672e-01,4.672852818889700610e-01,9.864740200406686421e-01,1.181142136142897092e+00,8.866620959762441245e-01,1.199221089278337482e+00,8.663258117318346496e-01,9.268438628993098671e-01,7.265826640912509404e-01,8.163260890174418583e-01,9.213343868945701454e-01,9.980202882104022288e-01,6.890790940690264543e-01,1.407459574752380593e+00,6.562130281916188634e-01,4.135935509621943562e-01,5.956462610987063311e-01,5.289831219292826514e-01,1.465336828201471597e+00,6.403497891091707306e-01,1.118694885310534959e+00,1.025777097672541327e+00,7.168962392172204545e-01
9.061554573556754866e-01,8.278611705693705858e-01,8.319945984627800106e-01,8.335232029400081455e-01,1.318427125271419031e+00,1.068480795828991026e+00,1.239357171753091791e+00,1.295299586526653446e+00,9.997289311844210768e-01,6.895194722242312668e-01,5.778207107011225085e-01,1.037417257351603395e+00,4.994861280121914993e-01,1.266819854366098896e+00,9.952540210141964661e-01,1.187686428298222463e+00,1.147534331040765743e+00,1.132489407989313079e+00,7.901857143145648577e-01,1.074055022795256775e+00,1.108791568364400959e+00,8.327230023330448594e-01,6.752124329300935868e-01,8.836416302725623728e-01,1.016842193838999542e+00,8.378468662379608967e-01,8.764004061315000538e-01,1.314547362464341562e+00,6.329392878697623903e-01,5.858374416358068659e-01,7.941867929382181446e-01,7.911779751438287045e-01,7.409643776444516661e-01,4.912222352788873647e-01,7.299575246848718502e-01,7.112965391039708374e-01,6.807492588086561103e-01,6.324413950253197081e-01,1.035431679946748007e+00,3.667089313496845193e-01,6.570037460336212165e-01,1.100269357087996669e+00,5.218816710731533082e-01,7.164979756231314445e-01,8.525847283055375536e-01,7.738697660632520847e-01,5.608511345197044751e-01,1.134725331395699754e+00,4.356627647186799845e-01,4.978023491203111273e-01
8.218715347690022099e-01,6.621396073871437249e-01,7.967746874380752242e-01,9.497719570959404223e-01,1.759551145692620056e+00,8.586844658158053756e-01,1.103714235473574501e+00,9.953308917293414160e-01,1.168687815268361962e+00,1.372035589926901666e+00,1.047727139137270669e+00,6.334757994858397634e-01,1.047484862512179093e+00,1.006162463707872767e+00,9.455202457831676233e-01,1.130782610664139654e+00,7.553843593220971320e-01,6.033750979314091989e-01,1.067267526269970457e+00,6.410035506640388014e-01,7.218968988252766339e-01,1.419642111394853856e+00,1.011430067061771521e+00,1.103604534253422198e+00,9.425355805133344145e-01,8.881848886084364736e-01,7.995467636394413269e-01,1.091503303973563321e+00,1.137892756654394155e+00,9.596383804959884856e-01,6.465022949304101152e-01,8.652126767787555739e-01,9.004159446050257198e-01,1.111733353816533043e+00,7.721956099171409793e-01,7.050881756572702219e-01,7.883007011650660090e-01,1.030776662650434883e+00,8.176596498101526000e-01,3.860865769161915262e-01,5.635132998645844271e-01,1.469934645552785302e+00,5.047640631110147380e-01,5.946685273675960115e-01,1.247713275195146965e+00,5.600203473557259226e-01,4.165670556208504460e-01,3.273891503961478544e-01,1.138199462947939278e+00,5.394902799397651716e-01
1.274348886235376010e+00,1.051808697892737010e+00,8.395290662562583384e-01,5.428000022621344289e-01,6.047570075139800938e-01,7.989269382425842059e-01,5.046295527124489144e-01,1.765250332559001212e+00,9.791700513501859771e-01,9.690172418507077001e-01,8.356059554796584354e-01,6.126254671826713016e-01,8.092150555242161314e-01,7.742096792764185942e-01,7.465834148628551770e-01,6.934150928742717213e-01,9.254456302630391651e-01,1.039584247538478889e+00,1.321220913800292607e+00,9.963538843710407766e-01,9.961953694414467098e-01,1.213275815938562374e+00,1.161114659795148052e+00,1.049996648356873674e+00,6.736433286298444401e-01,6.726013003324874395e-01,9.230740277351496825e-01,1.246920457207458366e+00,8.193270631114357716e-01,9.830125454373266347e-01,8.589578880655661663e-01,7.604550942848163908e-01,7.188371631608883039e-01,4.230797704034663376e-01,5.984812483279192685e-01,8.869882912389772667e-01,7.935832669763002167e-01,1.034448894025312260e+00,4.994661534420344329e-01,7.196742643228228875e-01,1.225801509206204454e+00,9.263686967921633819e-01,6.106570638454817956e-01,1.020345594814108692e+00,8.233573602601863550e-01,5.020606838977760278e-01,5.913310947472528722e-01,2.450210353190111212e-01,6.398780780753855479e-01,1.505272886177654756e+00
1.562319031263052160e+00,9.156228114705866616e-01,1.275582361682634058e+00,6.901855894090209720e-01,9.861433491568492027e-01,4.410279370460110648e-01,1.726570235310632695e+00,1.031327345245944160e+00,1.171877015508730802e+00,5.600844319292951345e-01,1.166543905102063183e+00,5.293497351826632613e-01,7.938318503133902082e-01,6.320183115714440580e-01,6.076508824710131762e-01,4.944517093453527079e-01,6.530563537099267624e-01,8.300605274252950139e-01,1.260736293845501788e+00,6.442023816445778817e-01,1.108584112438627090e+00,1.217352282451643841e+00,1.213684905216030785e+00,9.775669718561029731e-01,7.707194076736449961e-01,1.063059247004991104e+00,5.995367192757190544e-01,6.926691387542220912e-01,4.402951896322857550e-01,7.956030381093206483e-01,7.609474837677525638e-01,6.673318489295880784e-01,7.971564382236098201e-01,3.824843493595279087e-01,8.128819382272629568e-01,3.770080734279989132e-01,5.086227752614382869e-01,8.972361619694864121e-01,6.866829687121920323e-01,4.167855663503243768e-01,1.042598441345512938e+00,4.293511828275283770e-01,1.018505308055471348e+00,7.870809847533047909e-01,1.243467076519264802e+00,1.230269025457819021e+00,7.856713297583824973e-01,8.155821772714816342e-01,8.149638716764394664e-01,1.046993272746788550e+00
1.086634959371114650e+00,8.631921732584653117e-01,1.072564370681267754e+00,6.041581239947719784e-01,7.516875866834202835e-01,7.224014077504976594e-01,1.189927368336282765e+00,9.043341061027818650e-01,5.691520818571451645e-01,6.627463028179187976e-01,9.728752442963856106e-01,4.535233128112404200e-01,5.157498028314474459e-01,9.030646309164490626e-01,5.434061909981878769e-01,8.519938094040678811e-01,7.728663943273544890e-01,1.163049873384703670e+00,1.000301805726116600e+00,4.862719171217254610e-01,1.008407512577116139e+00,8.850046423076196600e-01,6.372722420996802528e-01,7.279226501267055394e-01,8.577589738740373226e-01,8.387431776414363549e-01,8.179727172711487304e-01,1.176946501209832574e+00,5.888225754478397800e-01,9.039135633642876311e-01,5.604434431143211492e-01,8.877229402047672746e-01,9.300501654546025065e-01,5.257163082242206631e-01,7.816134202250993868e-01,4.579314934227249334e-01,8.249058311475355731e-01,8.566928031677972788e-01,1.012078026593120628e+00,5.440521323305158585e-01,8.302861421465724812e-01,6.771552168668818483e-01,7.317811099473787717e-01,8.230881568739929488e-01,1.001489092199114417e+00,4.537465801600318871e-01,8.988949370921239801e-01,3.983255321428280094e-01,4.777502082575965092e-01,1.332742007369528858e+00
